client_id	path	sentence_id	sentence	sentence_domain	up_votes	down_votes	age	gender	accents	variant	locale	segment
4330a3785df536c848d80fb034d51d7e18c29edca132b2bc22fd9c96304bf06935f978f0c05c7fce26a8d4568f30cb95108fc78ebbe47e577d6968478c22ad54	common_voice_az_40735005.mp3	0263042c83f7e5754398ced3d17462619de81eb37eb4c4ad890217250e11d91f	Yer kürəsini başqa elmlər də öyrənir.		2	0	thirties				az	
4330a3785df536c848d80fb034d51d7e18c29edca132b2bc22fd9c96304bf06935f978f0c05c7fce26a8d4568f30cb95108fc78ebbe47e577d6968478c22ad54	common_voice_az_42621097.mp3	00723fb76f10943d710a6e683033c5f3b830da2342e82603142d9af55161ba0c	Nəticədə aqrar sektorun məhsuldarlığı Azərbaycanın tarixində indiyədək bərabəri olmayan rekord göstəricilərinə çatmışdır.		2	0	thirties				az	
4330a3785df536c848d80fb034d51d7e18c29edca132b2bc22fd9c96304bf06935f978f0c05c7fce26a8d4568f30cb95108fc78ebbe47e577d6968478c22ad54	common_voice_az_40668243.mp3	00090c1db0f1c1bd2192b2d0d908930278caa783929846a63bc0dfba27c7491d	Adətən mütləq dərinliyinə görə ayrılır.		2	0	thirties				az	
4330a3785df536c848d80fb034d51d7e18c29edca132b2bc22fd9c96304bf06935f978f0c05c7fce26a8d4568f30cb95108fc78ebbe47e577d6968478c22ad54	common_voice_az_40699348.mp3	00fb81eac86741170c55a644110bba20efc92301c25dddb14aaa84b4906eb915	Bir müddət sonra iki polis birlikdə axtarışa başlayır.		2	0	thirties				az	
b5e32070e1d21acf4a2cf3a54c4d5095b0c18104777da59fee07d593f0907d7fa91dc67ac634f2ebdd2395fa803dd12f3f817631be16d7f51dd27078321c10e9	common_voice_az_36729356.mp3	01a2994cda843ee7d0500302b74237640bae58e0f18bb2a1f51e0f55440a7061	Səsin əks olunmasından naviqasiya işlərində də istifadə olunur.		2	0	thirties	male_masculine			az	
6c2ddea22c8a7610e8d6e3cd9fde20ced80640d3b9b39d9d77aaf2ae70ff5342b982b8be00073ec120df7c6485630e61ac37ac6bf56d9a95f5363952ef85dce3	common_voice_az_40811238.mp3	0226c73d9b1f837feec34b179c5b4bacfe1b6b4dbb3a27fd1b25f63befbb91f2	Xalq təsərrüfatı üçün çox mühüm dövlət əhəmiyyəti olan belə problemə biganə qalmaq olmaz.		2	1	thirties				az	
4330a3785df536c848d80fb034d51d7e18c29edca132b2bc22fd9c96304bf06935f978f0c05c7fce26a8d4568f30cb95108fc78ebbe47e577d6968478c22ad54	common_voice_az_40679572.mp3	00d70a720efaedb6869166efa9ec821bb1c0055ac5989fc712ef6b06e0a4a5cc	Həmin il Həbib də Leninqrad Dövlət Universitetinin Şərq fakültəsinin ərəb filologiyası bölməsinə daxil olur.		2	0	thirties				az	
6c2ddea22c8a7610e8d6e3cd9fde20ced80640d3b9b39d9d77aaf2ae70ff5342b982b8be00073ec120df7c6485630e61ac37ac6bf56d9a95f5363952ef85dce3	common_voice_az_40798914.mp3	01dc53382b75220a4c093f4b63ff8762428b5cf472dbe1ece225ff2433de615d	Burada onun oğlu dünyaya gəlib.		2	0	thirties				az	
4330a3785df536c848d80fb034d51d7e18c29edca132b2bc22fd9c96304bf06935f978f0c05c7fce26a8d4568f30cb95108fc78ebbe47e577d6968478c22ad54	common_voice_az_40799064.mp3	029685d77f7f52d6f71db7df21680125c0f9201b35522393769d9c618e34ffb1	Binanın üst qatı açıqdır və beləcə o gün ərzində günəş işığını əks etdirir.		2	0	thirties				az	
4330a3785df536c848d80fb034d51d7e18c29edca132b2bc22fd9c96304bf06935f978f0c05c7fce26a8d4568f30cb95108fc78ebbe47e577d6968478c22ad54	common_voice_az_40668245.mp3	0206423692e1263d01b430e136d5c8a3a1152f5d64b90599726cd7a400d4fd9f	Alətin alt hissəsində onu yerə qoymaq üçün iti bir çıxıntı olur.		2	0	thirties				az	
4330a3785df536c848d80fb034d51d7e18c29edca132b2bc22fd9c96304bf06935f978f0c05c7fce26a8d4568f30cb95108fc78ebbe47e577d6968478c22ad54	common_voice_az_40679360.mp3	01757b5edccc702e945003b5d227bd7b6409a2ae4e9e73f879377624cd547f1e	Həzm sisteminə açılan bir ağıza sahibdirlər.		2	0	thirties				az	
b5e32070e1d21acf4a2cf3a54c4d5095b0c18104777da59fee07d593f0907d7fa91dc67ac634f2ebdd2395fa803dd12f3f817631be16d7f51dd27078321c10e9	common_voice_az_36729383.mp3	007273f67fb81f24dfe68b6e6c7735f7deb96fcbeaa0043eb2a490719a3c3268	Qəsəbə dəniz sahilində yerləşdiyi üçün belə adlandırılmışdır.		2	0	thirties	male_masculine			az	
4330a3785df536c848d80fb034d51d7e18c29edca132b2bc22fd9c96304bf06935f978f0c05c7fce26a8d4568f30cb95108fc78ebbe47e577d6968478c22ad54	common_voice_az_40734682.mp3	02387ab7b08d4031c526efd35abcaf86e10ab98adf8fffdeacb6e003c4a02f83	Uşaqlığı Bakı ilə bağlıdır.		2	0	thirties				az	
b5e32070e1d21acf4a2cf3a54c4d5095b0c18104777da59fee07d593f0907d7fa91dc67ac634f2ebdd2395fa803dd12f3f817631be16d7f51dd27078321c10e9	common_voice_az_36729350.mp3	01e30b472f3b09d01ff674801cf87fd34596c0d56f4a020b0b38cb77d67b9a68	Yeni birliyə nəzarət Türkmənistanın Mədəniyyət və Televiziya nazirliyinə tapşırılır.		2	1	thirties	male_masculine			az	
6c2ddea22c8a7610e8d6e3cd9fde20ced80640d3b9b39d9d77aaf2ae70ff5342b982b8be00073ec120df7c6485630e61ac37ac6bf56d9a95f5363952ef85dce3	common_voice_az_40737737.mp3	00e7374723b3675d71900ce7e183b1db9d3130d1db4b6d44c261e8bf3541211a	Bu yumaq simpatik sinir sisteminə aiddir.		2	0	thirties				az	
4330a3785df536c848d80fb034d51d7e18c29edca132b2bc22fd9c96304bf06935f978f0c05c7fce26a8d4568f30cb95108fc78ebbe47e577d6968478c22ad54	common_voice_az_40699346.mp3	0293b4ea0c8af141a28d8ccff96ad1ee03623829ec4c067287e49375449b0719	Midiyalılar barəsində yunanlar məlumat verməyə başladı.		2	0	thirties				az	
4330a3785df536c848d80fb034d51d7e18c29edca132b2bc22fd9c96304bf06935f978f0c05c7fce26a8d4568f30cb95108fc78ebbe47e577d6968478c22ad54	common_voice_az_40679575.mp3	015629c2179ce159845c148c3b84b9f7e5118e37f88c7978f1a1c29e5818fa12	Dörd kitabın birinə də yiyə durmadın.		2	0	thirties				az	
b5e32070e1d21acf4a2cf3a54c4d5095b0c18104777da59fee07d593f0907d7fa91dc67ac634f2ebdd2395fa803dd12f3f817631be16d7f51dd27078321c10e9	common_voice_az_36729359.mp3	01fac96f937277b6df1404d8dc77a2f14893254c1af63f78d67664ba3e3186a3	İnqilabdan sonra asılmışdır.		2	1	thirties	male_masculine			az	
4330a3785df536c848d80fb034d51d7e18c29edca132b2bc22fd9c96304bf06935f978f0c05c7fce26a8d4568f30cb95108fc78ebbe47e577d6968478c22ad54	common_voice_az_40679337.mp3	00a43d461ea3b656352fff38d514ba910f344a3044def47a735f20db7d149c07	İlk növbədə asanlıqla yuxuya getməyə kömək edir.		2	0	thirties				az	
6c2ddea22c8a7610e8d6e3cd9fde20ced80640d3b9b39d9d77aaf2ae70ff5342b982b8be00073ec120df7c6485630e61ac37ac6bf56d9a95f5363952ef85dce3	common_voice_az_40737721.mp3	02b8286ab6530a9538bb92926a7c70597f46745cb3d2bfcd3b02551cd302614b	Həsən bəy Zərdabinin qızı.		2	0	thirties				az	
4330a3785df536c848d80fb034d51d7e18c29edca132b2bc22fd9c96304bf06935f978f0c05c7fce26a8d4568f30cb95108fc78ebbe47e577d6968478c22ad54	common_voice_az_40699388.mp3	027f4949a684cd179a8bd9cb3e32b07adf866861e4a887ddcc2f1bd2d9b05f1c	Maksim karyerasına Qarabağda başlayıb.		2	1	thirties				az	
4330a3785df536c848d80fb034d51d7e18c29edca132b2bc22fd9c96304bf06935f978f0c05c7fce26a8d4568f30cb95108fc78ebbe47e577d6968478c22ad54	common_voice_az_40668472.mp3	00c06ece5624c2caf1458971c638e40c404bd8f66c31a8798074c20a1e1eaf6d	Yumurta sonradan əlavə edilmişdir.		2	0	thirties				az	
6c2ddea22c8a7610e8d6e3cd9fde20ced80640d3b9b39d9d77aaf2ae70ff5342b982b8be00073ec120df7c6485630e61ac37ac6bf56d9a95f5363952ef85dce3	common_voice_az_40798936.mp3	021918c1aaa6f6cac1eba6037f7589a235d8d46322953f72dbe473c5014ac19f	Yaradıcılığının az bir hissəsini əhatə edir.		2	0	thirties				az	
b5e32070e1d21acf4a2cf3a54c4d5095b0c18104777da59fee07d593f0907d7fa91dc67ac634f2ebdd2395fa803dd12f3f817631be16d7f51dd27078321c10e9	common_voice_az_36729376.mp3	0150e8b443b83cf025406329eebe3c1ee9a484a59ac44fd98f48b65f86490b17	Bu kitabla bağlı maraqlı bir fakt vardır.		2	0	thirties	male_masculine			az	
6c2ddea22c8a7610e8d6e3cd9fde20ced80640d3b9b39d9d77aaf2ae70ff5342b982b8be00073ec120df7c6485630e61ac37ac6bf56d9a95f5363952ef85dce3	common_voice_az_40811207.mp3	00579ab1e758b0bc93dd038fb54e5469c04a2c8b3d2e2bf80e5877ca3c12a435	Azərbaycan Televiziyasında istehsal edilmişdir.		2	0	thirties				az	
4330a3785df536c848d80fb034d51d7e18c29edca132b2bc22fd9c96304bf06935f978f0c05c7fce26a8d4568f30cb95108fc78ebbe47e577d6968478c22ad54	common_voice_az_40668499.mp3	01abb2ef99d49c58b48055f654337c55e75312f42ad21335c9c62658b0883391	Lakin onlar arasında əsaslı fərqlər də vardır.		2	0	thirties				az	
4330a3785df536c848d80fb034d51d7e18c29edca132b2bc22fd9c96304bf06935f978f0c05c7fce26a8d4568f30cb95108fc78ebbe47e577d6968478c22ad54	common_voice_az_40734732.mp3	023a871365d14118e2ce4cb78226ea6fb84a8298d7ee66a7858971554d4abcb0	Kimya elmləri doktoru idi.		2	0	thirties				az	
b5e32070e1d21acf4a2cf3a54c4d5095b0c18104777da59fee07d593f0907d7fa91dc67ac634f2ebdd2395fa803dd12f3f817631be16d7f51dd27078321c10e9	common_voice_az_36729357.mp3	01765a9a492861c51fa478830bfe85e97aee8fe2e732cd5a264be07bc96c87b9	Belarus milli futbol komandasına namizəd sayılır.		2	0	thirties	male_masculine			az	
b5e32070e1d21acf4a2cf3a54c4d5095b0c18104777da59fee07d593f0907d7fa91dc67ac634f2ebdd2395fa803dd12f3f817631be16d7f51dd27078321c10e9	common_voice_az_36729398.mp3	006127acbcd16baaa0eead0f38bf603c7ae7fa605abb57ccdeefb86023591b18	Təşkilatın hədəfi imperatorun mütləq hakimiyyətini təmin etməkdən ibarət olmuşdur.		2	1	thirties	male_masculine			az	
4330a3785df536c848d80fb034d51d7e18c29edca132b2bc22fd9c96304bf06935f978f0c05c7fce26a8d4568f30cb95108fc78ebbe47e577d6968478c22ad54	common_voice_az_40668551.mp3	0013370524f42933561790c6537312c9b8dc0adefd3dee898b058be10b4bb184	Üç ayaqlı atı vardır.		2	0	thirties				az	
6c2ddea22c8a7610e8d6e3cd9fde20ced80640d3b9b39d9d77aaf2ae70ff5342b982b8be00073ec120df7c6485630e61ac37ac6bf56d9a95f5363952ef85dce3	common_voice_az_40811227.mp3	003beab605d1f4af764340f26901a665560571b2a663251cded6bff4e71f0d8b	Kəşfiyyatçı atıcı idi.		2	0	thirties				az	
b5e32070e1d21acf4a2cf3a54c4d5095b0c18104777da59fee07d593f0907d7fa91dc67ac634f2ebdd2395fa803dd12f3f817631be16d7f51dd27078321c10e9	common_voice_az_36729428.mp3	01067a647e0d39391a4e8041946ab0908521f32798e10d91dd4fbb4d2e5531af	Ölkə rəhbərliyi mövcud problemə Azərbaycan xalqının münasibətini bilmişdi.		2	1	thirties	male_masculine			az	
6c2ddea22c8a7610e8d6e3cd9fde20ced80640d3b9b39d9d77aaf2ae70ff5342b982b8be00073ec120df7c6485630e61ac37ac6bf56d9a95f5363952ef85dce3	common_voice_az_40811860.mp3	0264c4454bc9e116a5d3bd9026632cd6c798f1ad00c456acdafd8bf997b4d50e	Təxminən iki il müddətində ikinci komandan vəzifəsini icra etdi.		2	0	thirties				az	
4330a3785df536c848d80fb034d51d7e18c29edca132b2bc22fd9c96304bf06935f978f0c05c7fce26a8d4568f30cb95108fc78ebbe47e577d6968478c22ad54	common_voice_az_40734752.mp3	025f88a8d97eeb8044d39d0569cb050ed0883e55867b0cb9350d25a05502b0ba	Bu suları Laçın və ətraf rayonların əhalisi özləri üçün sevimli müalicəvi vasitə sayırlar.		2	0	thirties				az	
6c2ddea22c8a7610e8d6e3cd9fde20ced80640d3b9b39d9d77aaf2ae70ff5342b982b8be00073ec120df7c6485630e61ac37ac6bf56d9a95f5363952ef85dce3	common_voice_az_40819135.mp3	02a3852ed1ba03de5af78af5c6f5a5da8a05474bb79d821b03c2b1fc505dc4ca	Yataq üzrə ilk geoloq Ağa Qurban oğlu Əliyev olmuşdur.		2	0	thirties				az	
6c2ddea22c8a7610e8d6e3cd9fde20ced80640d3b9b39d9d77aaf2ae70ff5342b982b8be00073ec120df7c6485630e61ac37ac6bf56d9a95f5363952ef85dce3	common_voice_az_40819167.mp3	01c0b16632209e32523bca57ea2b420d9b7045885dff21d6571b16664fd0e4de	Hazırda adalarda kurort turizm inkişaf etmişdir.		2	0	thirties				az	
6c2ddea22c8a7610e8d6e3cd9fde20ced80640d3b9b39d9d77aaf2ae70ff5342b982b8be00073ec120df7c6485630e61ac37ac6bf56d9a95f5363952ef85dce3	common_voice_az_40798922.mp3	01c6703953ea57c4a1678bd6aaa551295e04af725accfdca50c0568e7bcb5a21	Çay vadilərində və dağ yamaclarında bitir.		2	0	thirties				az	
4330a3785df536c848d80fb034d51d7e18c29edca132b2bc22fd9c96304bf06935f978f0c05c7fce26a8d4568f30cb95108fc78ebbe47e577d6968478c22ad54	common_voice_az_40667940.mp3	00262cf980767c1e7a8a47e2957e12e408451da419ac8a04385e332e42b34486	Qoruğun bitki örtüyü zəngin deyil.		2	0	thirties				az	
6c2ddea22c8a7610e8d6e3cd9fde20ced80640d3b9b39d9d77aaf2ae70ff5342b982b8be00073ec120df7c6485630e61ac37ac6bf56d9a95f5363952ef85dce3	common_voice_az_40819125.mp3	02d8a607e1ebdc4a4375b8c2dcd706c9c463ecdcb3834086e7af46884a4f267b	Seçkilərin yekun nəticələri gələn həftə təsdiq olunacaq.		2	0	thirties				az	
6c2ddea22c8a7610e8d6e3cd9fde20ced80640d3b9b39d9d77aaf2ae70ff5342b982b8be00073ec120df7c6485630e61ac37ac6bf56d9a95f5363952ef85dce3	common_voice_az_40811187.mp3	026fd9fbbab421cada63e84fadb7ab8ef7c488ad3ccb646ce4782dec07f3632e	Aruqula alarkən onun yarpaqlarının ölçüsünə diqqət edin.		2	0	thirties				az	
6c2ddea22c8a7610e8d6e3cd9fde20ced80640d3b9b39d9d77aaf2ae70ff5342b982b8be00073ec120df7c6485630e61ac37ac6bf56d9a95f5363952ef85dce3	common_voice_az_40811185.mp3	0101ef27a0523a741829ceb4b2df64b0d15862ad4327c3e19348d4b109f4097c	Ramiz Məmmədov.		2	0	thirties				az	
4330a3785df536c848d80fb034d51d7e18c29edca132b2bc22fd9c96304bf06935f978f0c05c7fce26a8d4568f30cb95108fc78ebbe47e577d6968478c22ad54	common_voice_az_40699377.mp3	029067131c357b946b27256744f28dd5eb38ac4288b2f111d12640e7d65c9c09	Birinci dərəcəli fövqəladə və səlahiyyətli elçi diplomatik rütbəsinə malikdir.		2	0	thirties				az	
6c2ddea22c8a7610e8d6e3cd9fde20ced80640d3b9b39d9d77aaf2ae70ff5342b982b8be00073ec120df7c6485630e61ac37ac6bf56d9a95f5363952ef85dce3	common_voice_az_40819116.mp3	02e5655b2b1af7cf8543f3474fdfaed4be16392adc81f7ff6c5d72fc587bfc24	Bakının Binə qəsəbəsində böyük qərənfil sahələri var.		2	0	thirties				az	
6c2ddea22c8a7610e8d6e3cd9fde20ced80640d3b9b39d9d77aaf2ae70ff5342b982b8be00073ec120df7c6485630e61ac37ac6bf56d9a95f5363952ef85dce3	common_voice_az_40799020.mp3	0161ee5fd4a3c01829265efffb887ccfbbe96632cb47c6b66b2b15df6da1f6c9	Lakin İkinci dünya müharibəsi illərindən sonra kəndin əhalisi azalmışdır.		2	0	thirties				az	
6c2ddea22c8a7610e8d6e3cd9fde20ced80640d3b9b39d9d77aaf2ae70ff5342b982b8be00073ec120df7c6485630e61ac37ac6bf56d9a95f5363952ef85dce3	common_voice_az_40798981.mp3	03018eecd42d24ed9928850d87a0434acdbb44fbd145d7f0eeef3b408780a09c	Mübarizədən Arqun və Buğa noyon qalib ayrıldı.		2	0	thirties				az	
6c2ddea22c8a7610e8d6e3cd9fde20ced80640d3b9b39d9d77aaf2ae70ff5342b982b8be00073ec120df7c6485630e61ac37ac6bf56d9a95f5363952ef85dce3	common_voice_az_40811181.mp3	00d2a03f78b16a91826092a0383f728ca31ca2133523f07697d1c037b04909de	"Heydər Əliyev fondu və Mehriban Əliyevanın dəstəyi ilə ""Azərbaycan–Macarıstan mətbəxi"" kitabının təqdimatı olub."		2	0	thirties				az	
4330a3785df536c848d80fb034d51d7e18c29edca132b2bc22fd9c96304bf06935f978f0c05c7fce26a8d4568f30cb95108fc78ebbe47e577d6968478c22ad54	common_voice_az_40668229.mp3	0098c5705df70dcc2f5207123ae4c212971a54c60c37067437df4b84b44cd096	Abidə tunc dövrünə aid edilir.		2	0	thirties				az	
4330a3785df536c848d80fb034d51d7e18c29edca132b2bc22fd9c96304bf06935f978f0c05c7fce26a8d4568f30cb95108fc78ebbe47e577d6968478c22ad54	common_voice_az_42621072.mp3	0244d0ead47dc8da7c66f78851a578930f856eb70aca94d1fb204c3630a793f5	Lokal şəbəkələr ən geniş yayılmış şəbəkə növüdür.		2	0	thirties				az	
6c2ddea22c8a7610e8d6e3cd9fde20ced80640d3b9b39d9d77aaf2ae70ff5342b982b8be00073ec120df7c6485630e61ac37ac6bf56d9a95f5363952ef85dce3	common_voice_az_40799002.mp3	0306b6b0494e3e5a90c204610c9f31e8f456d5b1d98cd0ba49b5abd3269f62a5	Vəkil məhkəmə iclasında iştirak edə bilməyib.		2	0	thirties				az	
4330a3785df536c848d80fb034d51d7e18c29edca132b2bc22fd9c96304bf06935f978f0c05c7fce26a8d4568f30cb95108fc78ebbe47e577d6968478c22ad54	common_voice_az_40679477.mp3	008d1be7ac0b05f07f07c46eaf6ff1049989e16b3283162d860c8697ae88bbba	Divarlar üç sıra kərpic və bir sıra çay daşından hörülmüşdür.		2	0	thirties				az	
4330a3785df536c848d80fb034d51d7e18c29edca132b2bc22fd9c96304bf06935f978f0c05c7fce26a8d4568f30cb95108fc78ebbe47e577d6968478c22ad54	common_voice_az_40679336.mp3	00d50e30e62aa067904e9760b08f02d9a43de672131b574c39851b39505b0d86	Uizli ailəsinin evi.		2	0	thirties				az	
b5e32070e1d21acf4a2cf3a54c4d5095b0c18104777da59fee07d593f0907d7fa91dc67ac634f2ebdd2395fa803dd12f3f817631be16d7f51dd27078321c10e9	common_voice_az_36729391.mp3	009fd228cb18cc0411dd68427e52ee0dfa870f9d70c40f820d98f1e7e43d41b9	Bu reallığın əsasını sosial faktlar təşkil edir.		2	0	thirties	male_masculine			az	
b5e32070e1d21acf4a2cf3a54c4d5095b0c18104777da59fee07d593f0907d7fa91dc67ac634f2ebdd2395fa803dd12f3f817631be16d7f51dd27078321c10e9	common_voice_az_36729375.mp3	01d4ebd420907f8d2ff27ecdf45f46393de6840c903afb5d07c1c0a200413682	Keçmiş adı Qəhrəmanlı olmuşdur.		2	0	thirties	male_masculine			az	
4330a3785df536c848d80fb034d51d7e18c29edca132b2bc22fd9c96304bf06935f978f0c05c7fce26a8d4568f30cb95108fc78ebbe47e577d6968478c22ad54	common_voice_az_40679491.mp3	0253a7632a66bbe623ced6d09d2fee636a17471482e0f8b4e64004545963c428	Yeni Azərbaycan Partiyası Pirallahı Rayon Təşkilatı İdarə Heyətinin üzvüdür.		2	0	thirties				az	
6c2ddea22c8a7610e8d6e3cd9fde20ced80640d3b9b39d9d77aaf2ae70ff5342b982b8be00073ec120df7c6485630e61ac37ac6bf56d9a95f5363952ef85dce3	common_voice_az_40819130.mp3	0340acf65b3bca3650731c96970f663edb7481f61f2491b79061eb318146ab5e	Talışın və Suqovuşanın azadlığı uğrunda gedən döyüşlərdə vuruşmuşdur.		2	0	thirties				az	
b5e32070e1d21acf4a2cf3a54c4d5095b0c18104777da59fee07d593f0907d7fa91dc67ac634f2ebdd2395fa803dd12f3f817631be16d7f51dd27078321c10e9	common_voice_az_36729382.mp3	0002c102243e75fc81bec00b81f9ecdda64bd933fd9e2474c635f284a1c15037	Adətən buxarlanma dedikdə suyun buxara çevrilməsi başa düşülür.		2	0	thirties	male_masculine			az	
b5e32070e1d21acf4a2cf3a54c4d5095b0c18104777da59fee07d593f0907d7fa91dc67ac634f2ebdd2395fa803dd12f3f817631be16d7f51dd27078321c10e9	common_voice_az_36729360.mp3	00529ceceb0dccf6580dcbb21720df7b6743b30d9014844640b9c88435ae1d00	Dərisi hamardır.		2	0	thirties	male_masculine			az	
6c2ddea22c8a7610e8d6e3cd9fde20ced80640d3b9b39d9d77aaf2ae70ff5342b982b8be00073ec120df7c6485630e61ac37ac6bf56d9a95f5363952ef85dce3	common_voice_az_40737760.mp3	0109fb1f5c534b78a150f9ac42135a73b7ee0d913f6b8d89671f920431a07925	Fərdi üslub bəzən bir qrup şair və ya yazıçıya da aid ola bilir.		2	0	thirties				az	
6c2ddea22c8a7610e8d6e3cd9fde20ced80640d3b9b39d9d77aaf2ae70ff5342b982b8be00073ec120df7c6485630e61ac37ac6bf56d9a95f5363952ef85dce3	common_voice_az_40811186.mp3	02ddd0efe2771e65ab050283ee83c11dac32f5d49da5399c6fd213ed57c5988d	Nəqliyyat Kosovo iqtisadiyyatında mühüm rol oynayır.		2	0	thirties				az	
6c2ddea22c8a7610e8d6e3cd9fde20ced80640d3b9b39d9d77aaf2ae70ff5342b982b8be00073ec120df7c6485630e61ac37ac6bf56d9a95f5363952ef85dce3	common_voice_az_40735347.mp3	02bc3686956707c390e452c7bbf89c5ffd0f371bcdaf3d46945f91ea9f22161b	Londona hər il dünyanın müxtəlif ərazilərindən turistlər gəlməkdədir.		2	0	thirties				az	
6c2ddea22c8a7610e8d6e3cd9fde20ced80640d3b9b39d9d77aaf2ae70ff5342b982b8be00073ec120df7c6485630e61ac37ac6bf56d9a95f5363952ef85dce3	common_voice_az_40737759.mp3	017b8c4ca87eeba3685ef41bddf6e5de4234644976a34e432100b6ff16f677ff	Çünki insandan yalnız onun əməlləri yadigar qalır.		2	0	thirties				az	
b5e32070e1d21acf4a2cf3a54c4d5095b0c18104777da59fee07d593f0907d7fa91dc67ac634f2ebdd2395fa803dd12f3f817631be16d7f51dd27078321c10e9	common_voice_az_36729344.mp3	007f966ea373253c9acf67282e9521aa38b955260dfc9b01d150ed2e4cb55f3c	Etiqad haqqında.		2	0	thirties	male_masculine			az	
4330a3785df536c848d80fb034d51d7e18c29edca132b2bc22fd9c96304bf06935f978f0c05c7fce26a8d4568f30cb95108fc78ebbe47e577d6968478c22ad54	common_voice_az_40668226.mp3	01e9b2ef91a7ac1563e30f2180393b1ad67f7f241c74996488537ceeabb06325	Nobel qardaşlarının Azərbaycanda geniş fəaliyyəti olmuşdur.		2	0	thirties				az	
b5e32070e1d21acf4a2cf3a54c4d5095b0c18104777da59fee07d593f0907d7fa91dc67ac634f2ebdd2395fa803dd12f3f817631be16d7f51dd27078321c10e9	common_voice_az_36729429.mp3	01d702509d3785a9d981f17355e0b573389e11ddee88931d6f23459bbf7fa061	Körfəzin sahilində Türkmənbaşı limanı yerləşir.		2	0	thirties	male_masculine			az	
6c2ddea22c8a7610e8d6e3cd9fde20ced80640d3b9b39d9d77aaf2ae70ff5342b982b8be00073ec120df7c6485630e61ac37ac6bf56d9a95f5363952ef85dce3	common_voice_az_40811192.mp3	02ce294cde30f4197d3efb4f0838f6c887da62fe39d5ce67a9200f75d5e46ca3	Kənddə il boyu fəaliyyət göstərən yeməkxana vardır.		2	0	thirties				az	
4330a3785df536c848d80fb034d51d7e18c29edca132b2bc22fd9c96304bf06935f978f0c05c7fce26a8d4568f30cb95108fc78ebbe47e577d6968478c22ad54	common_voice_az_40735002.mp3	009bf6f37cf50474e4bc504f83a7496c27e82bc6c5af9189ef93424b3bc88d0e	Bakı Teatrında rejissor kimi bir neçə tamaşaya quruluş vermişdir.		2	0	thirties				az	
6c2ddea22c8a7610e8d6e3cd9fde20ced80640d3b9b39d9d77aaf2ae70ff5342b982b8be00073ec120df7c6485630e61ac37ac6bf56d9a95f5363952ef85dce3	common_voice_az_40798955.mp3	018a7c8e523129d9a379fffeb2d6b89f7604f64ed151e89c51feb42b4616fe71	Quliyev yeniyetmələr arasında Azərbaycan Çempionatının bürünc medalının sahibi oldu.		2	0	thirties				az	
6c2ddea22c8a7610e8d6e3cd9fde20ced80640d3b9b39d9d77aaf2ae70ff5342b982b8be00073ec120df7c6485630e61ac37ac6bf56d9a95f5363952ef85dce3	common_voice_az_40737720.mp3	01e54b6b29c31ec47267292296e649f32f8b1eb872f665ae9c233979631fb40e	Ölkənin ərazisində yerləşən ən köhnə torpaqlar Mezozoy dövründən qalmışdır.		2	0	thirties				az	
6c2ddea22c8a7610e8d6e3cd9fde20ced80640d3b9b39d9d77aaf2ae70ff5342b982b8be00073ec120df7c6485630e61ac37ac6bf56d9a95f5363952ef85dce3	common_voice_az_40811230.mp3	0002d79adb13c551547e8571c5472be14dd39e91c722642995a3fbdda6038d21	Bu böyük bir hadisə idi.		2	1	thirties				az	
4330a3785df536c848d80fb034d51d7e18c29edca132b2bc22fd9c96304bf06935f978f0c05c7fce26a8d4568f30cb95108fc78ebbe47e577d6968478c22ad54	common_voice_az_40699376.mp3	0289e0fe593aa2e2061c70795a4e9011780cc4c777604db41a034f88daf5473a	Döyüşlər quldarlıq tərəfdarı tərəfindən idarə olunan Merilend ştatının ərazilərində gedirdi.		2	0	thirties				az	
b5e32070e1d21acf4a2cf3a54c4d5095b0c18104777da59fee07d593f0907d7fa91dc67ac634f2ebdd2395fa803dd12f3f817631be16d7f51dd27078321c10e9	common_voice_az_36729384.mp3	01db9c9f807dfb575a234534473df72984661dcaa2fdf14b8e6724d01baa96e7	Son nəticədə Hacı Murad işğalçıların tərəfinə keçir.		2	0	thirties	male_masculine			az	
b5e32070e1d21acf4a2cf3a54c4d5095b0c18104777da59fee07d593f0907d7fa91dc67ac634f2ebdd2395fa803dd12f3f817631be16d7f51dd27078321c10e9	common_voice_az_36729353.mp3	01e5cdb731883047840ef25625f89975aaac2c61149014cc3335e106ebe6217e	Ailənin üç oğlu var.		2	1	thirties	male_masculine			az	
b5e32070e1d21acf4a2cf3a54c4d5095b0c18104777da59fee07d593f0907d7fa91dc67ac634f2ebdd2395fa803dd12f3f817631be16d7f51dd27078321c10e9	common_voice_az_36729388.mp3	0030fd870a954af69961836fecdaa755b58334e4d407ca8461294060fb5c388f	Burada saman qarışığı olan çiy kərpicdən tikilmiş dairəvi planlı yaşayış binasının qalıqları aşkar olunmuşdur.		2	0	thirties	male_masculine			az	
b5e32070e1d21acf4a2cf3a54c4d5095b0c18104777da59fee07d593f0907d7fa91dc67ac634f2ebdd2395fa803dd12f3f817631be16d7f51dd27078321c10e9	common_voice_az_36729381.mp3	009160909c35e563b0259eb04874b2a9f772af815340e884ff280dc813041faa	Sovet kinosunda ilk dəfə olaraq quraşdırılmış səhnələri çəkib.		2	0	thirties	male_masculine			az	
b5e32070e1d21acf4a2cf3a54c4d5095b0c18104777da59fee07d593f0907d7fa91dc67ac634f2ebdd2395fa803dd12f3f817631be16d7f51dd27078321c10e9	common_voice_az_36729395.mp3	015030e31a17c31254df2c3700eb050346f6fe8ed39fa98b38303bb050a943ec	Yer Ayla Günəşin arasındadır.		2	0	thirties	male_masculine			az	
4330a3785df536c848d80fb034d51d7e18c29edca132b2bc22fd9c96304bf06935f978f0c05c7fce26a8d4568f30cb95108fc78ebbe47e577d6968478c22ad54	common_voice_az_40679361.mp3	001ffd2e3c192c0297c021bbca9b740527e2b3ff48032728264a31bb94a6f810	Daşkənd Dövlət Aqrar Universitetini və Moskvada Diplomatiya Akademiyasını bitirib.		2	0	thirties				az	
6c2ddea22c8a7610e8d6e3cd9fde20ced80640d3b9b39d9d77aaf2ae70ff5342b982b8be00073ec120df7c6485630e61ac37ac6bf56d9a95f5363952ef85dce3	common_voice_az_40811193.mp3	031856aede273ab2e26853d64a2ce4c133d923e2ad85ed0b8f6ae13252ea2251	İğdır Universiteti kəndin ərazisində qurulmuşdur.		2	0	thirties				az	
4330a3785df536c848d80fb034d51d7e18c29edca132b2bc22fd9c96304bf06935f978f0c05c7fce26a8d4568f30cb95108fc78ebbe47e577d6968478c22ad54	common_voice_az_40668501.mp3	01f36ee10cc8c99b8484ef7598dde2abcbb0ff39b2f5c8ac4df1abccabf0e69b	Parkın ərazisində sahəsi üç hektar olan süni göl və şəlalə yaradılıb.		2	0	thirties				az	
b5e32070e1d21acf4a2cf3a54c4d5095b0c18104777da59fee07d593f0907d7fa91dc67ac634f2ebdd2395fa803dd12f3f817631be16d7f51dd27078321c10e9	common_voice_az_36729409.mp3	012090084e40f1de1bebed913c9af3516d40bbce0d6a90547a76bff3ee99d0cd	Rusiya Yazıçılar Birliyinin üzvüdür.		2	0	thirties	male_masculine			az	
4330a3785df536c848d80fb034d51d7e18c29edca132b2bc22fd9c96304bf06935f978f0c05c7fce26a8d4568f30cb95108fc78ebbe47e577d6968478c22ad54	common_voice_az_40799098.mp3	01aee8b47788ac5e866bb8fce2cd7234672fa52580fdc7978ae570d5ff1ea9b8	Kəngərli rayonunu və Babək rayonunun bir hissəsini əhatə edir.		2	0	thirties				az	
4330a3785df536c848d80fb034d51d7e18c29edca132b2bc22fd9c96304bf06935f978f0c05c7fce26a8d4568f30cb95108fc78ebbe47e577d6968478c22ad54	common_voice_az_40699302.mp3	011cd7f628fc8afc285eaeb3867e2d8ecbf4955e18eeaeb62b8f11ab1988701d	Axund Hacı Əbdülkərim Ağanın yaradıcılığı onun ömrünün son mərhələsinə təsadüf edir.		2	0	thirties				az	
6c2ddea22c8a7610e8d6e3cd9fde20ced80640d3b9b39d9d77aaf2ae70ff5342b982b8be00073ec120df7c6485630e61ac37ac6bf56d9a95f5363952ef85dce3	common_voice_az_40798924.mp3	01171e51b9201ea59210a0ff1a87b035a929f9b349f49b1fcd3dc877d4fb3ddf	Mahir Suriya Azadlıq məktəbində və Dəməşq universitetində oxudu.		2	0	thirties				az	
b5e32070e1d21acf4a2cf3a54c4d5095b0c18104777da59fee07d593f0907d7fa91dc67ac634f2ebdd2395fa803dd12f3f817631be16d7f51dd27078321c10e9	common_voice_az_36729394.mp3	001e52773426490bcc15e62dedd5f23988c584cfebfe4d53d471a77de58490f3	Ondan bir oğulu olar.		2	0	thirties	male_masculine			az	
4330a3785df536c848d80fb034d51d7e18c29edca132b2bc22fd9c96304bf06935f978f0c05c7fce26a8d4568f30cb95108fc78ebbe47e577d6968478c22ad54	common_voice_az_40667936.mp3	02380aa88837590911b701b8d089a18a66828d1a1919aa20ee063d3ebf04701a	Həmçinin nəqliyyat daşımaları da onun əlindədir.		2	0	thirties				az	
6c2ddea22c8a7610e8d6e3cd9fde20ced80640d3b9b39d9d77aaf2ae70ff5342b982b8be00073ec120df7c6485630e61ac37ac6bf56d9a95f5363952ef85dce3	common_voice_az_40798935.mp3	01fe8c5ac85a7b774c3e33e9e51e8f3e572e812c02ab06ff7bbc7ff88ba44283	Sağ qalanların əksəriyyəti xərçəng xəstəliyinə tutuldu.		2	0	thirties				az	
6c2ddea22c8a7610e8d6e3cd9fde20ced80640d3b9b39d9d77aaf2ae70ff5342b982b8be00073ec120df7c6485630e61ac37ac6bf56d9a95f5363952ef85dce3	common_voice_az_40819164.mp3	01e8e4977aed493cd059bcd25ee606ba4480989df8191522bc236e4b339f7854	İtalyan dilində sərbəst danışır.		2	0	thirties				az	
b5e32070e1d21acf4a2cf3a54c4d5095b0c18104777da59fee07d593f0907d7fa91dc67ac634f2ebdd2395fa803dd12f3f817631be16d7f51dd27078321c10e9	common_voice_az_36729379.mp3	00bb4b05be9a8853f3c738b9987b0e365888f15754195de6d12baec99e896d80	İldə iki nəsil verir.		2	0	thirties	male_masculine			az	
4330a3785df536c848d80fb034d51d7e18c29edca132b2bc22fd9c96304bf06935f978f0c05c7fce26a8d4568f30cb95108fc78ebbe47e577d6968478c22ad54	common_voice_az_40668476.mp3	00df3b975d09d727c9078044fbe94da4d498c883abdd16d6b816d3f3dc5dc6b3	Tacik xalqının kulinariya incəsənəti əsrlər boyu formalaşmışdır.		2	0	thirties				az	
6c2ddea22c8a7610e8d6e3cd9fde20ced80640d3b9b39d9d77aaf2ae70ff5342b982b8be00073ec120df7c6485630e61ac37ac6bf56d9a95f5363952ef85dce3	common_voice_az_40811862.mp3	000fa33e9edd6382f8fc6c77b5261b6da610be125decbb77a628df35e9583cd7	Əli Əsədullayev Bakıda doğulmuşdur.		2	0	thirties				az	
6c2ddea22c8a7610e8d6e3cd9fde20ced80640d3b9b39d9d77aaf2ae70ff5342b982b8be00073ec120df7c6485630e61ac37ac6bf56d9a95f5363952ef85dce3	common_voice_az_40819138.mp3	0080828921059d60f7167b55def3d01674610cb31dfe6b845ffab66884bb2e2c	Səyyad Aran Azərbaycan Respublikasının Dini Qurumlarla İş üzrə Dövlət Komitəsinin sədrinin ilk birinci müavinidir.		2	0	thirties				az	
b5e32070e1d21acf4a2cf3a54c4d5095b0c18104777da59fee07d593f0907d7fa91dc67ac634f2ebdd2395fa803dd12f3f817631be16d7f51dd27078321c10e9	common_voice_az_36729341.mp3	013ad20781d859b83e81e668b6702af92385ccf8bcaf19761701092d8b86807d	Bir çox uşaq televiziya proqramlarında aparıcı kimi çıxış edib.		2	0	thirties	male_masculine			az	
6c2ddea22c8a7610e8d6e3cd9fde20ced80640d3b9b39d9d77aaf2ae70ff5342b982b8be00073ec120df7c6485630e61ac37ac6bf56d9a95f5363952ef85dce3	common_voice_az_40798925.mp3	001f27cab5f3f919c3ab91ca219766d7be1c86fcc5b44f112d713bad94f4a2d9	Domen iki il müddətinə pulsuz verilir.		2	0	thirties				az	
b5e32070e1d21acf4a2cf3a54c4d5095b0c18104777da59fee07d593f0907d7fa91dc67ac634f2ebdd2395fa803dd12f3f817631be16d7f51dd27078321c10e9	common_voice_az_36729399.mp3	00a06d45986a40dbafc3fde092bbf47cc1aee6d577844ca9a0dc3c9ed5869288	Potsdam şəhərində anadan olmuşdur.		2	0	thirties	male_masculine			az	
4330a3785df536c848d80fb034d51d7e18c29edca132b2bc22fd9c96304bf06935f978f0c05c7fce26a8d4568f30cb95108fc78ebbe47e577d6968478c22ad54	common_voice_az_42621114.mp3	028bcaf5cd6f28c01fbfc25009465e878ab1ce478d45e35364c1171c8ce5b782	İlk illərdə aktyor bu teatrın səhnəsində müxtəlif obrazlar oynayır.		2	0	thirties				az	
6c2ddea22c8a7610e8d6e3cd9fde20ced80640d3b9b39d9d77aaf2ae70ff5342b982b8be00073ec120df7c6485630e61ac37ac6bf56d9a95f5363952ef85dce3	common_voice_az_40811884.mp3	01c439a39c5062638737459395f996e932c419d7daa260a7c18c993580a24f5e	Doktorluq dissertasiyasının müdafiəsi təntənəli xarakter daşıyır və bir saat davam edir.		2	0	thirties				az	
6c2ddea22c8a7610e8d6e3cd9fde20ced80640d3b9b39d9d77aaf2ae70ff5342b982b8be00073ec120df7c6485630e61ac37ac6bf56d9a95f5363952ef85dce3	common_voice_az_40799007.mp3	000d9cc73450e68a99336a045cf142278d231470d5ada82c4c29784a16797d2b	Futbol federasiyasının qərarı ilə çempionat müvəqqəti dayandırılmışdı.		2	0	thirties				az	
6c2ddea22c8a7610e8d6e3cd9fde20ced80640d3b9b39d9d77aaf2ae70ff5342b982b8be00073ec120df7c6485630e61ac37ac6bf56d9a95f5363952ef85dce3	common_voice_az_40798983.mp3	02ae75adf39753b2d0afdd826073245be1129f613b6131121129c2f11dd21327	Bir çox şəhər və qalanın itirilməsi xəbəri paytaxt şəhər İstanbulda əhalinin narazılığına gətirib çıxardı.		2	0	thirties				az	
4330a3785df536c848d80fb034d51d7e18c29edca132b2bc22fd9c96304bf06935f978f0c05c7fce26a8d4568f30cb95108fc78ebbe47e577d6968478c22ad54	common_voice_az_40668477.mp3	01166477467bb860e956bf344e781347b1f8c3e6283dc07289d7992fbe597669	Stadionun dizaynı Toyota şəhərindəki Toyota Stadionunun inkişaf etdirilmiş versiyası idi.		2	0	thirties				az	
b5e32070e1d21acf4a2cf3a54c4d5095b0c18104777da59fee07d593f0907d7fa91dc67ac634f2ebdd2395fa803dd12f3f817631be16d7f51dd27078321c10e9	common_voice_az_36729389.mp3	01cf17215aaeeeb2cf9894e53a3424288722d86ee1591c5be2908ef1496b1651	Onun oğlu Məlik Məhəmməd xanın hakimiyyəti dövründə Bakı xanlığı müstəqilliyini itirdi.		2	0	thirties	male_masculine			az	
6c2ddea22c8a7610e8d6e3cd9fde20ced80640d3b9b39d9d77aaf2ae70ff5342b982b8be00073ec120df7c6485630e61ac37ac6bf56d9a95f5363952ef85dce3	common_voice_az_40819133.mp3	030b0afba516ab1d1259d9d922543b9f2fcbd8b8d37e3d38afc157a7a07691ab	Sosializmin bu ölkədə yaxşı adı olub.		2	0	thirties				az	
6c2ddea22c8a7610e8d6e3cd9fde20ced80640d3b9b39d9d77aaf2ae70ff5342b982b8be00073ec120df7c6485630e61ac37ac6bf56d9a95f5363952ef85dce3	common_voice_az_40735348.mp3	003659cef99f22e94603fd39c82dfce8472e237c3df68d4aa42cb675be47e10a	Proqram təminatı mühəndisliyi dinamik şəkildə dəyişən peşə sahəsidir.		2	1	thirties				az	
b5e32070e1d21acf4a2cf3a54c4d5095b0c18104777da59fee07d593f0907d7fa91dc67ac634f2ebdd2395fa803dd12f3f817631be16d7f51dd27078321c10e9	common_voice_az_36729371.mp3	00204670a7950a86f458984f369a7af50be0135fa7c3358711d67695bb5e86ad	Onlarla və yüzlərlə fərddən ibarət dəstələrə rast gəlinir.		2	0	thirties	male_masculine			az	
4330a3785df536c848d80fb034d51d7e18c29edca132b2bc22fd9c96304bf06935f978f0c05c7fce26a8d4568f30cb95108fc78ebbe47e577d6968478c22ad54	common_voice_az_40668443.mp3	007a2f29c7f45a326aa9b07026c10aa474b2d8aeb26b31c96d53f837682b2a6d	Yuxarı axarlarında kiçik su elektrik stansiyası fəaliyyət göstərir.		2	0	thirties				az	
6c2ddea22c8a7610e8d6e3cd9fde20ced80640d3b9b39d9d77aaf2ae70ff5342b982b8be00073ec120df7c6485630e61ac37ac6bf56d9a95f5363952ef85dce3	common_voice_az_40819129.mp3	006a26c806f6a6a0166215fe68d0c9d5abdd768e41c06a06c8bf00f08627b850	Naxçıvan mədəniyyəti dörd inkişaf mərhələsi keçmişdir.		2	0	thirties				az	
b5e32070e1d21acf4a2cf3a54c4d5095b0c18104777da59fee07d593f0907d7fa91dc67ac634f2ebdd2395fa803dd12f3f817631be16d7f51dd27078321c10e9	common_voice_az_36729386.mp3	00103124e19222142177ab987a9abf6deed6cfe90a5fc8a164981d60a844b40f	Proses yüksək temperatur və təzyiq altında gedir.		2	0	thirties	male_masculine			az	
b5e32070e1d21acf4a2cf3a54c4d5095b0c18104777da59fee07d593f0907d7fa91dc67ac634f2ebdd2395fa803dd12f3f817631be16d7f51dd27078321c10e9	common_voice_az_36729352.mp3	01b29e7b8af97a00271dd5e5113681c3ad019b633a087b4ec7399eced613f526	Birinci böyük ibadət zalı.		2	0	thirties	male_masculine			az	
4330a3785df536c848d80fb034d51d7e18c29edca132b2bc22fd9c96304bf06935f978f0c05c7fce26a8d4568f30cb95108fc78ebbe47e577d6968478c22ad54	common_voice_az_40862200.mp3	02ebe6312d6476b2ff1cc25faaf2a9a98e345072245d2f17cc1b0f3a38e4f4f8	Beynəlxalq münaqişələrin həllində norma və prinsiplər haqqında.		2	0	thirties				az	
4330a3785df536c848d80fb034d51d7e18c29edca132b2bc22fd9c96304bf06935f978f0c05c7fce26a8d4568f30cb95108fc78ebbe47e577d6968478c22ad54	common_voice_az_40679574.mp3	000106f89ed0e1531ec533761a4fb9f8079eb715c97e82b03ce001bdc4b889a5	Lakin bir müddət keçəndən sonra onu Moskvanı tərk etməmək şərti ilə azadlığa buraxırlar.		2	1	thirties				az	
b5e32070e1d21acf4a2cf3a54c4d5095b0c18104777da59fee07d593f0907d7fa91dc67ac634f2ebdd2395fa803dd12f3f817631be16d7f51dd27078321c10e9	common_voice_az_36729345.mp3	016dc8a95a2294819ee780369224133f0e8aec171d230f53b48dd8f61928dc85	Bu dildə yazılan proqram az yer tutur və tez yerinə yetirilir.		2	1	thirties	male_masculine			az	
b5e32070e1d21acf4a2cf3a54c4d5095b0c18104777da59fee07d593f0907d7fa91dc67ac634f2ebdd2395fa803dd12f3f817631be16d7f51dd27078321c10e9	common_voice_az_36729380.mp3	001d283c3823ef2e0c64e9cebca8ec99a4d795fcdefaae28629441487395a365	Yayda yağın nadir hallarda yağır.		2	0	thirties	male_masculine			az	
4330a3785df536c848d80fb034d51d7e18c29edca132b2bc22fd9c96304bf06935f978f0c05c7fce26a8d4568f30cb95108fc78ebbe47e577d6968478c22ad54	common_voice_az_40734845.mp3	02b833970aa8ee83152b0e5d741a615ebb41b04201cef08d2cf667531b7ebedb	Musiqiçilər açıq səma altında çıxış edirlər.		2	0	thirties				az	
4330a3785df536c848d80fb034d51d7e18c29edca132b2bc22fd9c96304bf06935f978f0c05c7fce26a8d4568f30cb95108fc78ebbe47e577d6968478c22ad54	common_voice_az_40799107.mp3	004c15a245843e87cf6aba9759fc8b26fd323e7e4ec6c170854b10fd9653b326	Proqramlaşdırma dillərinin əksəriyyəti dəyişən konsepsiyasını dəstəkləyir.		2	0	thirties				az	
4330a3785df536c848d80fb034d51d7e18c29edca132b2bc22fd9c96304bf06935f978f0c05c7fce26a8d4568f30cb95108fc78ebbe47e577d6968478c22ad54	common_voice_az_40668502.mp3	0145a02dae9e405d3fabba712fa8bc5c42f881353c68299b4f3fffb286d953ab	Bu da onun yetişməsində müstəsna rol oynayıb.		2	0	thirties				az	
b5e32070e1d21acf4a2cf3a54c4d5095b0c18104777da59fee07d593f0907d7fa91dc67ac634f2ebdd2395fa803dd12f3f817631be16d7f51dd27078321c10e9	common_voice_az_36729343.mp3	01d71a7233c21636509b71947f8eee2171ff7ba985e73941e98145be40c83074	Böyük İpək yolunun bir qolu oradan keçirdi.		2	0	thirties	male_masculine			az	
b5e32070e1d21acf4a2cf3a54c4d5095b0c18104777da59fee07d593f0907d7fa91dc67ac634f2ebdd2395fa803dd12f3f817631be16d7f51dd27078321c10e9	common_voice_az_36729385.mp3	016e29a380172ac31f6cee9818ccfc35ed448b92f8203213ab41079ac0f9856d	Dəfələrlə beynəlxalq turnirlərin qalibi olub.		2	0	thirties	male_masculine			az	
4330a3785df536c848d80fb034d51d7e18c29edca132b2bc22fd9c96304bf06935f978f0c05c7fce26a8d4568f30cb95108fc78ebbe47e577d6968478c22ad54	common_voice_az_40799038.mp3	007946096042be42dbdfbb10e7a38c5bb6bbf2ce9a94b448d8a02ceb156372c1	Dəfn mərasiminin sonunda yaylım atəşi açıldı və mayor Məmmədov uğrunda şəhid olduğu torpağa tapşırıldı.		2	0	thirties				az	
4330a3785df536c848d80fb034d51d7e18c29edca132b2bc22fd9c96304bf06935f978f0c05c7fce26a8d4568f30cb95108fc78ebbe47e577d6968478c22ad54	common_voice_az_40679347.mp3	02377160d079e7440d2d6fb940a270d63ba7ea32869eddd32afed88dae4abe2c	İqtisadiyyatda Sinqapur kapitalı üstünlük təşkil edir.		2	0	thirties				az	
4330a3785df536c848d80fb034d51d7e18c29edca132b2bc22fd9c96304bf06935f978f0c05c7fce26a8d4568f30cb95108fc78ebbe47e577d6968478c22ad54	common_voice_az_40699301.mp3	0132a37ef50798b0147ce246566da8ef5fafc7b695c2d85487bcaf45baaa6b2e	Odun içində oynayır.		2	0	thirties				az	
4330a3785df536c848d80fb034d51d7e18c29edca132b2bc22fd9c96304bf06935f978f0c05c7fce26a8d4568f30cb95108fc78ebbe47e577d6968478c22ad54	common_voice_az_40679346.mp3	002197e75e26cee8dd1bb7088210be1d7ac3818a96806540195daa69c48ab7c3	Bundan sonra dənizə düşərək ölür.		2	0	thirties				az	
6c2ddea22c8a7610e8d6e3cd9fde20ced80640d3b9b39d9d77aaf2ae70ff5342b982b8be00073ec120df7c6485630e61ac37ac6bf56d9a95f5363952ef85dce3	common_voice_az_40811865.mp3	016385bfb1fb96268c420b9e91d96f8527a8060f77c5361c540d1794475b4555	Şəki rayonunda dəfn olunub.		2	0	thirties				az	
b5e32070e1d21acf4a2cf3a54c4d5095b0c18104777da59fee07d593f0907d7fa91dc67ac634f2ebdd2395fa803dd12f3f817631be16d7f51dd27078321c10e9	common_voice_az_36729351.mp3	01c5aa4d5dcc9f8714ce70999202c9d13354b7ef4cecfe20950aff84a9186eb7	Düşərgədə həlak oldu.		2	0	thirties	male_masculine			az	
6c2ddea22c8a7610e8d6e3cd9fde20ced80640d3b9b39d9d77aaf2ae70ff5342b982b8be00073ec120df7c6485630e61ac37ac6bf56d9a95f5363952ef85dce3	common_voice_az_40737696.mp3	02bac774e4f751bb41ac10622b477a370ab7f2e87f7403c21cf6d52530185a1e	Onlar bulaqdan ancaq gecə su götürə bilirlər.		2	0	thirties				az	
6c2ddea22c8a7610e8d6e3cd9fde20ced80640d3b9b39d9d77aaf2ae70ff5342b982b8be00073ec120df7c6485630e61ac37ac6bf56d9a95f5363952ef85dce3	common_voice_az_40819140.mp3	02d770f6d3b445577e05190e1a6f9b8e82e0c25d7b4b47c132762734611db06e	Bununla birlikdə xəstəliyi müalicə etmək üçün dərmanlar da verilməyə başlandı.		2	0	thirties				az	
4330a3785df536c848d80fb034d51d7e18c29edca132b2bc22fd9c96304bf06935f978f0c05c7fce26a8d4568f30cb95108fc78ebbe47e577d6968478c22ad54	common_voice_az_40679348.mp3	0001d3b35c814d7f4e3af4dc020d745da7e7a86d77a5cb2b61f74219849dfa4c	Üzvlər işlərini tamamilə müstəqil şəkildə aparırlar.		2	0	thirties				az	
4330a3785df536c848d80fb034d51d7e18c29edca132b2bc22fd9c96304bf06935f978f0c05c7fce26a8d4568f30cb95108fc78ebbe47e577d6968478c22ad54	common_voice_az_40699351.mp3	0287d1548b8cd864752331551c57e6d72fb014002d810fd66bd2b1ab609ddff8	Medalın arxa tərəfinin aşağı hissəsində medalın nömrəsi həkk olunmuşdur.		2	0	thirties				az	
b5e32070e1d21acf4a2cf3a54c4d5095b0c18104777da59fee07d593f0907d7fa91dc67ac634f2ebdd2395fa803dd12f3f817631be16d7f51dd27078321c10e9	common_voice_az_36729339.mp3	00898b1b618d917ca417dcbb1ebb8325bc75fd8d1470d725b80f5497efce00c6	Məqbərənin yaxınlığında ölməz şairin yaratdığı əsərləri tərənnüm edən tuncdan abidə yerləşir.		2	0	thirties	male_masculine			az	
4330a3785df536c848d80fb034d51d7e18c29edca132b2bc22fd9c96304bf06935f978f0c05c7fce26a8d4568f30cb95108fc78ebbe47e577d6968478c22ad54	common_voice_az_40734777.mp3	01e99e3fa4b2e699ede71d237ef061d5959af2e9cf1c8a8e94a1d041a95aac97	Hərbi məhkəmə prosesləri qısamüddətli olması ilə fərqlənirdi.		2	0	thirties				az	
4330a3785df536c848d80fb034d51d7e18c29edca132b2bc22fd9c96304bf06935f978f0c05c7fce26a8d4568f30cb95108fc78ebbe47e577d6968478c22ad54	common_voice_az_40679478.mp3	005434f3532dc401ae05268f91a2421e9bc8f76351f5a106955ecf0d5492f6db	Rüstəm özü də gürcü şahzadəsi idi.		2	0	thirties				az	
6c2ddea22c8a7610e8d6e3cd9fde20ced80640d3b9b39d9d77aaf2ae70ff5342b982b8be00073ec120df7c6485630e61ac37ac6bf56d9a95f5363952ef85dce3	common_voice_az_40737761.mp3	00989bc41f6b7367ca09a755dc4f81e4cede3ad0021a8899bde2082561242d42	Hun etnonimindən və qədim dillərində şin sözündən ibarətdir.		2	0	thirties				az	
4330a3785df536c848d80fb034d51d7e18c29edca132b2bc22fd9c96304bf06935f978f0c05c7fce26a8d4568f30cb95108fc78ebbe47e577d6968478c22ad54	common_voice_az_40699374.mp3	010f67606dabf44451af1f490bfc6e63687b66630a5aa6565de1504f9391d531	Lakin həmişə onların planları Kim Possibl tərəfindən pozulur.		2	0	thirties				az	
6c2ddea22c8a7610e8d6e3cd9fde20ced80640d3b9b39d9d77aaf2ae70ff5342b982b8be00073ec120df7c6485630e61ac37ac6bf56d9a95f5363952ef85dce3	common_voice_az_40737699.mp3	028b55acc6b32f54983dad5345bd9adb47018917316889eaa7ad9d1125410a41	Dişilərdə dörd süd vəzisi var.		2	0	thirties				az	
b5e32070e1d21acf4a2cf3a54c4d5095b0c18104777da59fee07d593f0907d7fa91dc67ac634f2ebdd2395fa803dd12f3f817631be16d7f51dd27078321c10e9	common_voice_az_36729397.mp3	013f981373acf7f4b3c7c1aa2ff1bfec2b7d084eede9cc4048b843638913638e	Müxtəlif mədrəsələrdə xidmət etməsinin ardından qazı olaraq təyinat aldı.		2	0	thirties	male_masculine			az	
4330a3785df536c848d80fb034d51d7e18c29edca132b2bc22fd9c96304bf06935f978f0c05c7fce26a8d4568f30cb95108fc78ebbe47e577d6968478c22ad54	common_voice_az_40668441.mp3	01fb7693a2c27f0585dfcacce46d2043933eda666bbab4321256122e23ceaaea	Əslən Xızı rayonundan idi.		2	0	thirties				az	
b5e32070e1d21acf4a2cf3a54c4d5095b0c18104777da59fee07d593f0907d7fa91dc67ac634f2ebdd2395fa803dd12f3f817631be16d7f51dd27078321c10e9	common_voice_az_36729393.mp3	0024d88b61ba7e30e551ea06cc584aad113ee0fb7b04bd79de59e2b6d52a3354	Astara rayonunda dəfn olunub.		2	0	thirties	male_masculine			az	
6c2ddea22c8a7610e8d6e3cd9fde20ced80640d3b9b39d9d77aaf2ae70ff5342b982b8be00073ec120df7c6485630e61ac37ac6bf56d9a95f5363952ef85dce3	common_voice_az_40819134.mp3	03462ac97e88fb1c19a784272c3b9bc739927c7fb36ddcda02d099de650958ee	Cek dili barədə bəzi mülahizələrə bir sıra digər müəlliflərin əsərlərində də təsadüf olunur.		2	0	thirties				az	
b5e32070e1d21acf4a2cf3a54c4d5095b0c18104777da59fee07d593f0907d7fa91dc67ac634f2ebdd2395fa803dd12f3f817631be16d7f51dd27078321c10e9	common_voice_az_36729373.mp3	0199dbef15aba92215f1868c16cfe49458bc92de40a171f67f2cc8f0c5a730d2	Bakı Kooperativ Texnikumunda təhsilini başa vurmuşdur.		2	0	thirties	male_masculine			az	
4330a3785df536c848d80fb034d51d7e18c29edca132b2bc22fd9c96304bf06935f978f0c05c7fce26a8d4568f30cb95108fc78ebbe47e577d6968478c22ad54	common_voice_az_40679425.mp3	025b8ced3456bbb37d3a79c5b3cad206fd134c2e37cea85dec0b770310c7b589	Sonradan onun cənazəsi adsız bir adada tapılır.		2	0	thirties				az	
4330a3785df536c848d80fb034d51d7e18c29edca132b2bc22fd9c96304bf06935f978f0c05c7fce26a8d4568f30cb95108fc78ebbe47e577d6968478c22ad54	common_voice_az_40734754.mp3	0013e9682b2264429a6d382b36c5b5ec3df0feb86695c046933c1b0642b020e8	Lui Armstronq çətin və yoxsul uşaqlıq dövrü keçirmişdir.		2	0	thirties				az	
6c2ddea22c8a7610e8d6e3cd9fde20ced80640d3b9b39d9d77aaf2ae70ff5342b982b8be00073ec120df7c6485630e61ac37ac6bf56d9a95f5363952ef85dce3	common_voice_az_40798954.mp3	00562ea6d59c4b4a3a37a78931df29b7cb0e8af86195563c901ad7d2f06fddd1	Şəxsi dəri xərçəngi hekayəsi.		2	0	thirties				az	
b5e32070e1d21acf4a2cf3a54c4d5095b0c18104777da59fee07d593f0907d7fa91dc67ac634f2ebdd2395fa803dd12f3f817631be16d7f51dd27078321c10e9	common_voice_az_36729392.mp3	007cfb8c309da18ac872ca9c1c3d2250abf16c1d4a76407d3f8bffbe5a4571be	Hindistanda bir neçə dəfə iki aylıq rəqs kurslarında iştirak edib.		2	0	thirties	male_masculine			az	
4330a3785df536c848d80fb034d51d7e18c29edca132b2bc22fd9c96304bf06935f978f0c05c7fce26a8d4568f30cb95108fc78ebbe47e577d6968478c22ad54	common_voice_az_40699365.mp3	02a8a4f234c98a9eab6686f35f38250f50f4175d3ae01eacfa2875f7cfa4893c	Roman əsasında video oyun hazırlanmışdır.		2	0	thirties				az	
b5e32070e1d21acf4a2cf3a54c4d5095b0c18104777da59fee07d593f0907d7fa91dc67ac634f2ebdd2395fa803dd12f3f817631be16d7f51dd27078321c10e9	common_voice_az_36729400.mp3	0199e0cd722d6c1b70083b97b6260e0ebf3868c7b52d5257918cc5cccaef454f	Onu və bütün yaxın ətrafını həbs ediblər.		2	0	thirties	male_masculine			az	
6c2ddea22c8a7610e8d6e3cd9fde20ced80640d3b9b39d9d77aaf2ae70ff5342b982b8be00073ec120df7c6485630e61ac37ac6bf56d9a95f5363952ef85dce3	common_voice_az_40799021.mp3	0060dabf0e5224dc8f045f6aaf46908f9ed6e4b3c03c04054cb871b4109e774d	Musson mövsümündə çayın səviyyəsi əhəmiyyətli dərəcədə artır; cərəyanın sürətini də artırır.		2	0	thirties				az	
4330a3785df536c848d80fb034d51d7e18c29edca132b2bc22fd9c96304bf06935f978f0c05c7fce26a8d4568f30cb95108fc78ebbe47e577d6968478c22ad54	common_voice_az_40679490.mp3	02706c0fea7bfa9affa31c96d706de5a77b9e3488477ce0ef1947fde049243a8	Meşə və kolluqlarda rast gəlinir.		2	0	thirties				az	
b5e32070e1d21acf4a2cf3a54c4d5095b0c18104777da59fee07d593f0907d7fa91dc67ac634f2ebdd2395fa803dd12f3f817631be16d7f51dd27078321c10e9	common_voice_az_36729396.mp3	01d337caa2a8ab57621cc00c3869eaa2d864aa5fba36dc4181d228e0c8ed48e8	Buna baxmayaraq oğlu haqqında az məlumata sahibdir.		2	0	thirties	male_masculine			az	
4330a3785df536c848d80fb034d51d7e18c29edca132b2bc22fd9c96304bf06935f978f0c05c7fce26a8d4568f30cb95108fc78ebbe47e577d6968478c22ad54	common_voice_az_40668529.mp3	0003e24ef99f314bf1c3e5fd5294c8faa654f9929adc588d405186455c3dabb0	Küləyin sürəti və istiqaməti daima dəyişir.		2	0	thirties				az	
b5e32070e1d21acf4a2cf3a54c4d5095b0c18104777da59fee07d593f0907d7fa91dc67ac634f2ebdd2395fa803dd12f3f817631be16d7f51dd27078321c10e9	common_voice_az_36729342.mp3	0000aafac92f4b82c519d7f3af0131770a7dafa160e5c5a530132f6d0e3029a4	Xəzri zamanı Bakı və Sumqayıt şəhərlərinin havası zərərli qaz və tüstüdən təmizlənir.		2	0	thirties	male_masculine			az	
6c2ddea22c8a7610e8d6e3cd9fde20ced80640d3b9b39d9d77aaf2ae70ff5342b982b8be00073ec120df7c6485630e61ac37ac6bf56d9a95f5363952ef85dce3	common_voice_az_40811216.mp3	01f6164dfead9dd38cbf38e0e594786ba0a883e2503f6eaaad01d16ba73e558f	Yalnız müharibənin sonunda Rusiya Abxaziyada bəzi humanitar əməliyyatlar həyata keçirmişdi.		2	0	thirties				az	
b5e32070e1d21acf4a2cf3a54c4d5095b0c18104777da59fee07d593f0907d7fa91dc67ac634f2ebdd2395fa803dd12f3f817631be16d7f51dd27078321c10e9	common_voice_az_36729411.mp3	006e8d45846a6e2cbd44e49f14bf1f23523e3b8089828c1646cc99eacc04ee84	Bir il sonra Pekində tək çıxışda qalib gəldi.		2	0	thirties	male_masculine			az	
4330a3785df536c848d80fb034d51d7e18c29edca132b2bc22fd9c96304bf06935f978f0c05c7fce26a8d4568f30cb95108fc78ebbe47e577d6968478c22ad54	common_voice_az_40667938.mp3	002e52426cd888475144450706adfd58b7dd4cb09ad7ed46f247ba1a8cd88dfa	"Likiya ""İşıq ölkəsi"" mənasını verir."		2	0	thirties				az	
